{
  "project_info": {
    "project_number": "683913467262",
    "project_id": "task-manager-cdcee",
    "storage_bucket": "task-manager-cdcee.firebasestorage.app"
  },
  "client": [
    {
      "client_info": {
        "mobilesdk_app_id": "1:683913467262:android:31204d64226bfa76028f2f",
        "android_client_info": {
          "package_name": "com.example.task_management"
        }
      },
      "oauth_client": [],
      "api_key": [
        {
          "current_key": "AIzaSyBbsihbDHoAwCA97IJCa0eVOVpE100H5BE"
        }
      ],
      "services": {
        "appinvite_service": {
          "other_platform_oauth_client": []
        }
      }
    }
  ],
  "configuration_version": "1"
}